"filename", "language", "YAML", "JSON", "Markdown", "TypeScript", "JavaScript", "JSON with Comments", "comment", "blank", "total"
"/home/tavarish/Documentos/work/nestjs-auth-starter/auth-api/README.md", "Markdown", 0, 0, 68, 0, 0, 0, 2, 29, 99
"/home/tavarish/Documentos/work/nestjs-auth-starter/auth-api/docker-compose.yml", "YAML", 16, 0, 0, 0, 0, 0, 0, 6, 22
"/home/tavarish/Documentos/work/nestjs-auth-starter/auth-api/eslint.config.mjs", "JavaScript", 0, 0, 0, 0, 33, 0, 1, 2, 36
"/home/tavarish/Documentos/work/nestjs-auth-starter/auth-api/nest-cli.json", "JSON", 0, 8, 0, 0, 0, 0, 0, 1, 9
"/home/tavarish/Documentos/work/nestjs-auth-starter/auth-api/package-lock.json", "JSON", 0, 10655, 0, 0, 0, 0, 0, 1, 10656
"/home/tavarish/Documentos/work/nestjs-auth-starter/auth-api/package.json", "JSON", 0, 92, 0, 0, 0, 0, 0, 1, 93
"/home/tavarish/Documentos/work/nestjs-auth-starter/auth-api/src/app.controller.spec.ts", "TypeScript", 0, 0, 0, 18, 0, 0, 0, 5, 23
"/home/tavarish/Documentos/work/nestjs-auth-starter/auth-api/src/app.controller.ts", "TypeScript", 0, 0, 0, 10, 0, 0, 0, 3, 13
"/home/tavarish/Documentos/work/nestjs-auth-starter/auth-api/src/app.module.ts", "TypeScript", 0, 0, 0, 56, 0, 0, 0, 5, 61
"/home/tavarish/Documentos/work/nestjs-auth-starter/auth-api/src/app.service.ts", "TypeScript", 0, 0, 0, 7, 0, 0, 0, 2, 9
"/home/tavarish/Documentos/work/nestjs-auth-starter/auth-api/src/auth/auth.controller.ts", "TypeScript", 0, 0, 0, 128, 0, 0, 0, 8, 136
"/home/tavarish/Documentos/work/nestjs-auth-starter/auth-api/src/auth/auth.module.ts", "TypeScript", 0, 0, 0, 24, 0, 0, 0, 3, 27
"/home/tavarish/Documentos/work/nestjs-auth-starter/auth-api/src/auth/auth.service.ts", "TypeScript", 0, 0, 0, 25, 0, 0, 0, 7, 32
"/home/tavarish/Documentos/work/nestjs-auth-starter/auth-api/src/auth/jwt-auth.guard.ts", "TypeScript", 0, 0, 0, 8, 0, 0, 0, 2, 10
"/home/tavarish/Documentos/work/nestjs-auth-starter/auth-api/src/auth/jwt.decorator.ts", "TypeScript", 0, 0, 0, 3, 0, 0, 0, 3, 6
"/home/tavarish/Documentos/work/nestjs-auth-starter/auth-api/src/auth/jwt.strategy.ts", "TypeScript", 0, 0, 0, 24, 0, 0, 0, 5, 29
"/home/tavarish/Documentos/work/nestjs-auth-starter/auth-api/src/clientes-fornecedores/clientes-fornecedores.controller.ts", "TypeScript", 0, 0, 0, 127, 0, 0, 0, 7, 134
"/home/tavarish/Documentos/work/nestjs-auth-starter/auth-api/src/clientes-fornecedores/clientes-fornecedores.module.ts", "TypeScript", 0, 0, 0, 15, 0, 0, 3, 3, 21
"/home/tavarish/Documentos/work/nestjs-auth-starter/auth-api/src/clientes-fornecedores/clientes-fornecedores.service.ts", "TypeScript", 0, 0, 0, 138, 0, 0, 0, 31, 169
"/home/tavarish/Documentos/work/nestjs-auth-starter/auth-api/src/clientes-fornecedores/dto/create-cliente-fornecedor.dto.ts", "TypeScript", 0, 0, 0, 76, 0, 0, 0, 9, 85
"/home/tavarish/Documentos/work/nestjs-auth-starter/auth-api/src/clientes-fornecedores/dto/update-cliente-fornecedor.dto.ts", "TypeScript", 0, 0, 0, 5, 0, 0, 0, 1, 6
"/home/tavarish/Documentos/work/nestjs-auth-starter/auth-api/src/clientes-fornecedores/entities/cliente-fornecedor.entity.ts", "TypeScript", 0, 0, 0, 58, 0, 0, 0, 17, 75
"/home/tavarish/Documentos/work/nestjs-auth-starter/auth-api/src/companies/ company.entity.ts", "TypeScript", 0, 0, 0, 48, 0, 0, 0, 17, 65
"/home/tavarish/Documentos/work/nestjs-auth-starter/auth-api/src/companies/companies.controller.ts", "TypeScript", 0, 0, 0, 65, 0, 0, 0, 8, 73
"/home/tavarish/Documentos/work/nestjs-auth-starter/auth-api/src/companies/companies.module.ts", "TypeScript", 0, 0, 0, 14, 0, 0, 0, 2, 16
"/home/tavarish/Documentos/work/nestjs-auth-starter/auth-api/src/companies/companies.service.ts", "TypeScript", 0, 0, 0, 62, 0, 0, 0, 20, 82
"/home/tavarish/Documentos/work/nestjs-auth-starter/auth-api/src/companies/dto/create-company.dto.ts", "TypeScript", 0, 0, 0, 16, 0, 0, 0, 0, 16
"/home/tavarish/Documentos/work/nestjs-auth-starter/auth-api/src/companies/dto/update-company.dto.ts", "TypeScript", 0, 0, 0, 3, 0, 0, 0, 1, 4
"/home/tavarish/Documentos/work/nestjs-auth-starter/auth-api/src/contas-pagar/contas-pagar.controller.ts", "TypeScript", 0, 0, 0, 220, 0, 0, 7, 7, 234
"/home/tavarish/Documentos/work/nestjs-auth-starter/auth-api/src/contas-pagar/contas-pagar.module.ts", "TypeScript", 0, 0, 0, 29, 0, 0, 0, 1, 30
"/home/tavarish/Documentos/work/nestjs-auth-starter/auth-api/src/contas-pagar/contas-pagar.service.ts", "TypeScript", 0, 0, 0, 350, 0, 0, 13, 74, 437
"/home/tavarish/Documentos/work/nestjs-auth-starter/auth-api/src/contas-pagar/dto/create-conta-pagar.dto.ts", "TypeScript", 0, 0, 0, 71, 0, 0, 1, 8, 80
"/home/tavarish/Documentos/work/nestjs-auth-starter/auth-api/src/contas-pagar/dto/pagar-conta.dto.ts", "TypeScript", 0, 0, 0, 47, 0, 0, 0, 5, 52
"/home/tavarish/Documentos/work/nestjs-auth-starter/auth-api/src/contas-pagar/dto/pagar-parcela.dto.ts", "TypeScript", 0, 0, 0, 46, 0, 0, 1, 5, 52
"/home/tavarish/Documentos/work/nestjs-auth-starter/auth-api/src/contas-pagar/dto/update-conta-pagar.dto.ts", "TypeScript", 0, 0, 0, 45, 0, 0, 1, 7, 53
"/home/tavarish/Documentos/work/nestjs-auth-starter/auth-api/src/contas-pagar/entities/conta-pagar-parcela.entity.ts", "TypeScript", 0, 0, 0, 55, 0, 0, 1, 10, 66
"/home/tavarish/Documentos/work/nestjs-auth-starter/auth-api/src/contas-pagar/entities/conta-pagar.entity.ts", "TypeScript", 0, 0, 0, 110, 0, 0, 10, 19, 139
"/home/tavarish/Documentos/work/nestjs-auth-starter/auth-api/src/contas-pagar/entities/pagamento.entity.ts", "TypeScript", 0, 0, 0, 59, 0, 0, 1, 12, 72
"/home/tavarish/Documentos/work/nestjs-auth-starter/auth-api/src/contas-receber/contas-receber.controller.ts", "TypeScript", 0, 0, 0, 247, 0, 0, 0, 10, 257
"/home/tavarish/Documentos/work/nestjs-auth-starter/auth-api/src/contas-receber/contas-receber.module.ts", "TypeScript", 0, 0, 0, 29, 0, 0, 0, 1, 30
"/home/tavarish/Documentos/work/nestjs-auth-starter/auth-api/src/contas-receber/contas-receber.service.ts", "TypeScript", 0, 0, 0, 493, 0, 0, 5, 311, 809
"/home/tavarish/Documentos/work/nestjs-auth-starter/auth-api/src/contas-receber/dto/create-conta-receber.dto.ts", "TypeScript", 0, 0, 0, 80, 0, 0, 0, 27, 107
"/home/tavarish/Documentos/work/nestjs-auth-starter/auth-api/src/contas-receber/dto/receber-parcela.dto.ts", "TypeScript", 0, 0, 0, 50, 0, 0, 0, 25, 75
"/home/tavarish/Documentos/work/nestjs-auth-starter/auth-api/src/contas-receber/dto/update-conta-receber.dto.ts", "TypeScript", 0, 0, 0, 64, 0, 0, 0, 30, 94
"/home/tavarish/Documentos/work/nestjs-auth-starter/auth-api/src/contas-receber/entities/conta-receber-parcela.entity.ts", "TypeScript", 0, 0, 0, 56, 0, 0, 0, 38, 94
"/home/tavarish/Documentos/work/nestjs-auth-starter/auth-api/src/contas-receber/entities/conta-receber.entity.ts", "TypeScript", 0, 0, 0, 138, 0, 0, 12, 78, 228
"/home/tavarish/Documentos/work/nestjs-auth-starter/auth-api/src/contas-receber/entities/recebimento.entity.ts", "TypeScript", 0, 0, 0, 87, 0, 0, 3, 61, 151
"/home/tavarish/Documentos/work/nestjs-auth-starter/auth-api/src/despesas/despesas.controller.ts", "TypeScript", 0, 0, 0, 230, 0, 0, 0, 7, 237
"/home/tavarish/Documentos/work/nestjs-auth-starter/auth-api/src/despesas/despesas.module.ts", "TypeScript", 0, 0, 0, 25, 0, 0, 0, 1, 26
"/home/tavarish/Documentos/work/nestjs-auth-starter/auth-api/src/despesas/despesas.service.ts", "TypeScript", 0, 0, 0, 546, 0, 0, 0, 85, 631
"/home/tavarish/Documentos/work/nestjs-auth-starter/auth-api/src/despesas/dto/create-despesa.dto.ts", "TypeScript", 0, 0, 0, 58, 0, 0, 0, 7, 65
"/home/tavarish/Documentos/work/nestjs-auth-starter/auth-api/src/despesas/dto/update-despesa.dto.ts", "TypeScript", 0, 0, 0, 57, 0, 0, 0, 7, 64
"/home/tavarish/Documentos/work/nestjs-auth-starter/auth-api/src/despesas/entities/despesa.entity.ts", "TypeScript", 0, 0, 0, 137, 0, 0, 0, 16, 153
"/home/tavarish/Documentos/work/nestjs-auth-starter/auth-api/src/financeiro/contas-financeiras/contas-financeiras.controller.ts", "TypeScript", 0, 0, 0, 83, 0, 0, 0, 6, 89
"/home/tavarish/Documentos/work/nestjs-auth-starter/auth-api/src/financeiro/contas-financeiras/contas-financeiras.module.ts", "TypeScript", 0, 0, 0, 24, 0, 0, 0, 1, 25
"/home/tavarish/Documentos/work/nestjs-auth-starter/auth-api/src/financeiro/contas-financeiras/contas-financeiras.service.ts", "TypeScript", 0, 0, 0, 183, 0, 0, 1, 29, 213
"/home/tavarish/Documentos/work/nestjs-auth-starter/auth-api/src/financeiro/contas-financeiras/dto/create-conta-financeira.dto.ts", "TypeScript", 0, 0, 0, 59, 0, 0, 0, 7, 66
"/home/tavarish/Documentos/work/nestjs-auth-starter/auth-api/src/financeiro/contas-financeiras/dto/find-conta-financeira.dto.ts", "TypeScript", 0, 0, 0, 37, 0, 0, 1, 6, 44
"/home/tavarish/Documentos/work/nestjs-auth-starter/auth-api/src/financeiro/contas-financeiras/dto/update-conta-financeira.dto.ts", "TypeScript", 0, 0, 0, 5, 0, 0, 0, 1, 6
"/home/tavarish/Documentos/work/nestjs-auth-starter/auth-api/src/financeiro/contas-financeiras/entities/conta-financeira.entity.ts", "TypeScript", 0, 0, 0, 130, 0, 0, 0, 16, 146
"/home/tavarish/Documentos/work/nestjs-auth-starter/auth-api/src/financeiro/contas-financeiras/enums/tipo-conta-financeira.enum.ts", "TypeScript", 0, 0, 0, 6, 0, 0, 0, 0, 6
"/home/tavarish/Documentos/work/nestjs-auth-starter/auth-api/src/funcionarios/dto/create-funcionario.dto.ts", "TypeScript", 0, 0, 0, 136, 0, 0, 0, 19, 155
"/home/tavarish/Documentos/work/nestjs-auth-starter/auth-api/src/funcionarios/dto/update-funcionario.dto.ts", "TypeScript", 0, 0, 0, 3, 0, 0, 0, 1, 4
"/home/tavarish/Documentos/work/nestjs-auth-starter/auth-api/src/funcionarios/funcionarios.controller.ts", "TypeScript", 0, 0, 0, 57, 0, 0, 0, 6, 63
"/home/tavarish/Documentos/work/nestjs-auth-starter/auth-api/src/funcionarios/funcionarios.module.ts", "TypeScript", 0, 0, 0, 12, 0, 0, 0, 1, 13
"/home/tavarish/Documentos/work/nestjs-auth-starter/auth-api/src/funcionarios/funcionarios.service.ts", "TypeScript", 0, 0, 0, 187, 0, 0, 0, 42, 229
"/home/tavarish/Documentos/work/nestjs-auth-starter/auth-api/src/get/get.controller.ts", "TypeScript", 0, 0, 0, 15, 0, 0, 0, 3, 18
"/home/tavarish/Documentos/work/nestjs-auth-starter/auth-api/src/get/get.module.ts", "TypeScript", 0, 0, 0, 6, 0, 0, 0, 2, 8
"/home/tavarish/Documentos/work/nestjs-auth-starter/auth-api/src/main.ts", "TypeScript", 0, 0, 0, 27, 0, 0, 0, 7, 34
"/home/tavarish/Documentos/work/nestjs-auth-starter/auth-api/src/movimentacoes/entities/movimentacao-financeira.entity.ts", "TypeScript", 0, 0, 0, 130, 0, 0, 0, 15, 145
"/home/tavarish/Documentos/work/nestjs-auth-starter/auth-api/src/movimentacoes/movimentacoes.controller.ts", "TypeScript", 0, 0, 0, 130, 0, 0, 0, 3, 133
"/home/tavarish/Documentos/work/nestjs-auth-starter/auth-api/src/movimentacoes/movimentacoes.module.ts", "TypeScript", 0, 0, 0, 26, 0, 0, 0, 1, 27
"/home/tavarish/Documentos/work/nestjs-auth-starter/auth-api/src/movimentacoes/movimentacoes.service.ts", "TypeScript", 0, 0, 0, 335, 0, 0, 0, 48, 383
"/home/tavarish/Documentos/work/nestjs-auth-starter/auth-api/src/ordens-servico/dto/concluir-os/concluir-ordem-servico.dto.ts", "TypeScript", 0, 0, 0, 12, 0, 0, 1, 3, 16
"/home/tavarish/Documentos/work/nestjs-auth-starter/auth-api/src/ordens-servico/dto/create-ordem-servico.dto.ts", "TypeScript", 0, 0, 0, 28, 0, 0, 1, 7, 36
"/home/tavarish/Documentos/work/nestjs-auth-starter/auth-api/src/ordens-servico/dto/create-proposta.dto.ts", "TypeScript", 0, 0, 0, 23, 0, 0, 1, 7, 31
"/home/tavarish/Documentos/work/nestjs-auth-starter/auth-api/src/ordens-servico/dto/expense/create-order-service-responsible-expense.dto.ts", "TypeScript", 0, 0, 0, 14, 0, 0, 0, 4, 18
"/home/tavarish/Documentos/work/nestjs-auth-starter/auth-api/src/ordens-servico/dto/expense/update-order-service-responsible-expense.dto.ts", "TypeScript", 0, 0, 0, 17, 0, 0, 0, 4, 21
"/home/tavarish/Documentos/work/nestjs-auth-starter/auth-api/src/ordens-servico/dto/gerar-proposta.dto.ts", "TypeScript", 0, 0, 0, 12, 0, 0, 0, 3, 15
"/home/tavarish/Documentos/work/nestjs-auth-starter/auth-api/src/ordens-servico/dto/itens-os/create-item-os.dto.ts", "TypeScript", 0, 0, 0, 33, 0, 0, 0, 10, 43
"/home/tavarish/Documentos/work/nestjs-auth-starter/auth-api/src/ordens-servico/dto/itens-os/item-os-response.dto.ts", "TypeScript", 0, 0, 0, 43, 0, 0, 1, 17, 61
"/home/tavarish/Documentos/work/nestjs-auth-starter/auth-api/src/ordens-servico/dto/itens-os/update-item-os.dto.ts", "TypeScript", 0, 0, 0, 3, 0, 0, 0, 1, 4
"/home/tavarish/Documentos/work/nestjs-auth-starter/auth-api/src/ordens-servico/dto/responsible/create-order-service-responsible.dto.ts", "TypeScript", 0, 0, 0, 17, 0, 0, 0, 5, 22
"/home/tavarish/Documentos/work/nestjs-auth-starter/auth-api/src/ordens-servico/dto/responsible/list-order-service-responsible-expense.dto.ts", "TypeScript", 0, 0, 0, 17, 0, 0, 0, 3, 20
"/home/tavarish/Documentos/work/nestjs-auth-starter/auth-api/src/ordens-servico/dto/responsible/list-order-service-responsible.dto.ts", "TypeScript", 0, 0, 0, 17, 0, 0, 0, 3, 20
"/home/tavarish/Documentos/work/nestjs-auth-starter/auth-api/src/ordens-servico/dto/responsible/update-order-service-responsible.dto.ts", "TypeScript", 0, 0, 0, 18, 0, 0, 0, 4, 22
"/home/tavarish/Documentos/work/nestjs-auth-starter/auth-api/src/ordens-servico/dto/update-ordem-servico.dto.ts", "TypeScript", 0, 0, 0, 3, 0, 0, 1, 1, 5
"/home/tavarish/Documentos/work/nestjs-auth-starter/auth-api/src/ordens-servico/dto/update-proposta.dto.ts", "TypeScript", 0, 0, 0, 3, 0, 0, 1, 1, 5
"/home/tavarish/Documentos/work/nestjs-auth-starter/auth-api/src/ordens-servico/dto/update-status-ordem-servico.dto.ts", "TypeScript", 0, 0, 0, 4, 0, 0, 1, 1, 6
"/home/tavarish/Documentos/work/nestjs-auth-starter/auth-api/src/ordens-servico/entities/item-os-responsavel.entity.ts", "TypeScript", 0, 0, 0, 21, 0, 0, 0, 6, 27
"/home/tavarish/Documentos/work/nestjs-auth-starter/auth-api/src/ordens-servico/entities/item-os.entity.ts", "TypeScript", 0, 0, 0, 52, 0, 0, 1, 15, 68
"/home/tavarish/Documentos/work/nestjs-auth-starter/auth-api/src/ordens-servico/entities/ordem-servico-anexo.entity.ts", "TypeScript", 0, 0, 0, 40, 0, 0, 1, 10, 51
"/home/tavarish/Documentos/work/nestjs-auth-starter/auth-api/src/ordens-servico/entities/ordem-servico-historico.entity.ts", "TypeScript", 0, 0, 0, 31, 0, 0, 0, 8, 39
"/home/tavarish/Documentos/work/nestjs-auth-starter/auth-api/src/ordens-servico/entities/ordem-servico-item.entity.ts", "TypeScript", 0, 0, 0, 32, 0, 0, 1, 9, 42
"/home/tavarish/Documentos/work/nestjs-auth-starter/auth-api/src/ordens-servico/entities/ordem-servico.entity.ts", "TypeScript", 0, 0, 0, 112, 0, 0, 1, 31, 144
"/home/tavarish/Documentos/work/nestjs-auth-starter/auth-api/src/ordens-servico/entities/order-service-responsible-expense.entity.ts", "TypeScript", 0, 0, 0, 32, 0, 0, 0, 9, 41
"/home/tavarish/Documentos/work/nestjs-auth-starter/auth-api/src/ordens-servico/entities/order-service-responsible.entity.ts", "TypeScript", 0, 0, 0, 44, 0, 0, 0, 12, 56
"/home/tavarish/Documentos/work/nestjs-auth-starter/auth-api/src/ordens-servico/entities/proposta-item.entity.ts", "TypeScript", 0, 0, 0, 34, 0, 0, 1, 9, 44
"/home/tavarish/Documentos/work/nestjs-auth-starter/auth-api/src/ordens-servico/entities/proposta.entity.ts", "TypeScript", 0, 0, 0, 79, 0, 0, 1, 24, 104
"/home/tavarish/Documentos/work/nestjs-auth-starter/auth-api/src/ordens-servico/itens-os.controller.ts", "TypeScript", 0, 0, 0, 48, 0, 0, 2, 6, 56
"/home/tavarish/Documentos/work/nestjs-auth-starter/auth-api/src/ordens-servico/itens-os.service.ts", "TypeScript", 0, 0, 0, 137, 0, 0, 6, 20, 163
"/home/tavarish/Documentos/work/nestjs-auth-starter/auth-api/src/ordens-servico/ordens-servico.controller.ts", "TypeScript", 0, 0, 0, 135, 0, 0, 0, 12, 147
"/home/tavarish/Documentos/work/nestjs-auth-starter/auth-api/src/ordens-servico/ordens-servico.module.ts", "TypeScript", 0, 0, 0, 54, 0, 0, 0, 2, 56
"/home/tavarish/Documentos/work/nestjs-auth-starter/auth-api/src/ordens-servico/ordens-servico.service.ts", "TypeScript", 0, 0, 0, 423, 0, 0, 34, 96, 553
"/home/tavarish/Documentos/work/nestjs-auth-starter/auth-api/src/ordens-servico/order-service-responsible-expense.controller.ts", "TypeScript", 0, 0, 0, 64, 0, 0, 0, 6, 70
"/home/tavarish/Documentos/work/nestjs-auth-starter/auth-api/src/ordens-servico/order-service-responsible-expense.module.ts", "TypeScript", 0, 0, 0, 13, 0, 0, 0, 1, 14
"/home/tavarish/Documentos/work/nestjs-auth-starter/auth-api/src/ordens-servico/order-service-responsible-expense.service.ts", "TypeScript", 0, 0, 0, 86, 0, 0, 0, 14, 100
"/home/tavarish/Documentos/work/nestjs-auth-starter/auth-api/src/ordens-servico/order-service-responsible.controller.ts", "TypeScript", 0, 0, 0, 60, 0, 0, 0, 6, 66
"/home/tavarish/Documentos/work/nestjs-auth-starter/auth-api/src/ordens-servico/order-service-responsible.module.ts", "TypeScript", 0, 0, 0, 14, 0, 0, 0, 1, 15
"/home/tavarish/Documentos/work/nestjs-auth-starter/auth-api/src/ordens-servico/order-service-responsible.service.ts", "TypeScript", 0, 0, 0, 88, 0, 0, 0, 13, 101
"/home/tavarish/Documentos/work/nestjs-auth-starter/auth-api/src/produtos-servicos/dto/create-produto-servico.dto.ts", "TypeScript", 0, 0, 0, 80, 0, 0, 0, 20, 100
"/home/tavarish/Documentos/work/nestjs-auth-starter/auth-api/src/produtos-servicos/dto/update-produto-servico.dto.ts", "TypeScript", 0, 0, 0, 5, 0, 0, 0, 1, 6
"/home/tavarish/Documentos/work/nestjs-auth-starter/auth-api/src/produtos-servicos/entities/produto-servico.entity.ts", "TypeScript", 0, 0, 0, 94, 0, 0, 0, 29, 123
"/home/tavarish/Documentos/work/nestjs-auth-starter/auth-api/src/produtos-servicos/produtos-servicos.controller.ts", "TypeScript", 0, 0, 0, 92, 0, 0, 0, 6, 98
"/home/tavarish/Documentos/work/nestjs-auth-starter/auth-api/src/produtos-servicos/produtos-servicos.module.ts", "TypeScript", 0, 0, 0, 16, 0, 0, 3, 3, 22
"/home/tavarish/Documentos/work/nestjs-auth-starter/auth-api/src/produtos-servicos/produtos-servicos.service.ts", "TypeScript", 0, 0, 0, 157, 0, 0, 0, 31, 188
"/home/tavarish/Documentos/work/nestjs-auth-starter/auth-api/src/propostas/propostas.controller.ts", "TypeScript", 0, 0, 0, 56, 0, 0, 1, 8, 65
"/home/tavarish/Documentos/work/nestjs-auth-starter/auth-api/src/propostas/propostas.module.ts", "TypeScript", 0, 0, 0, 15, 0, 0, 1, 2, 18
"/home/tavarish/Documentos/work/nestjs-auth-starter/auth-api/src/propostas/propostas.service.ts", "TypeScript", 0, 0, 0, 180, 0, 0, 0, 34, 214
"/home/tavarish/Documentos/work/nestjs-auth-starter/auth-api/src/reports/reports.controller.ts", "TypeScript", 0, 0, 0, 90, 0, 0, 0, 9, 99
"/home/tavarish/Documentos/work/nestjs-auth-starter/auth-api/src/reports/reports.module.ts", "TypeScript", 0, 0, 0, 11, 0, 0, 0, 2, 13
"/home/tavarish/Documentos/work/nestjs-auth-starter/auth-api/src/reports/reports.service.ts", "TypeScript", 0, 0, 0, 51, 0, 0, 0, 10, 61
"/home/tavarish/Documentos/work/nestjs-auth-starter/auth-api/src/reports/templates/proposta-pdf.template.ts", "TypeScript", 0, 0, 0, 600, 0, 0, 0, 48, 648
"/home/tavarish/Documentos/work/nestjs-auth-starter/auth-api/src/transferencias/dto/create-transferencia.dto.ts", "TypeScript", 0, 0, 0, 47, 0, 0, 0, 5, 52
"/home/tavarish/Documentos/work/nestjs-auth-starter/auth-api/src/transferencias/entities/transferencia.entity.ts", "TypeScript", 0, 0, 0, 104, 0, 0, 0, 12, 116
"/home/tavarish/Documentos/work/nestjs-auth-starter/auth-api/src/transferencias/transferencias.controller.ts", "TypeScript", 0, 0, 0, 154, 0, 0, 0, 4, 158
"/home/tavarish/Documentos/work/nestjs-auth-starter/auth-api/src/transferencias/transferencias.module.ts", "TypeScript", 0, 0, 0, 25, 0, 0, 0, 1, 26
"/home/tavarish/Documentos/work/nestjs-auth-starter/auth-api/src/transferencias/transferencias.service.ts", "TypeScript", 0, 0, 0, 303, 0, 0, 0, 47, 350
"/home/tavarish/Documentos/work/nestjs-auth-starter/auth-api/src/users/user.entity.ts", "TypeScript", 0, 0, 0, 65, 0, 0, 0, 25, 90
"/home/tavarish/Documentos/work/nestjs-auth-starter/auth-api/src/users/users.module.ts", "TypeScript", 0, 0, 0, 8, 0, 0, 0, 2, 10
"/home/tavarish/Documentos/work/nestjs-auth-starter/auth-api/src/users/users.service.ts", "TypeScript", 0, 0, 0, 44, 0, 0, 0, 11, 55
"/home/tavarish/Documentos/work/nestjs-auth-starter/auth-api/test/app.e2e-spec.ts", "TypeScript", 0, 0, 0, 24, 0, 0, 0, 6, 30
"/home/tavarish/Documentos/work/nestjs-auth-starter/auth-api/test/jest-e2e.json", "JSON", 0, 9, 0, 0, 0, 0, 0, 1, 10
"/home/tavarish/Documentos/work/nestjs-auth-starter/auth-api/tsconfig.build.json", "JSON", 0, 4, 0, 0, 0, 0, 0, 1, 5
"/home/tavarish/Documentos/work/nestjs-auth-starter/auth-api/tsconfig.json", "JSON with Comments", 0, 0, 0, 0, 0, 25, 0, 1, 26
"Total", "-", 16, 10768, 68, 9934, 33, 25, 123, 1968, 22935